Name,ID,Ticker,Exchange
C. H. Robinson Worldwide,2239,CHRW,NASDAQ
Kraft Heinz,2161,KHC,NASDAQ
Fastenal,2316,FAST,NASDAQ
Splunk,237,SPLK,NASDAQ
Kroger,1813,KR,NYSE
Old Dominion Freight Line,2444,ODFL,NASDAQ
Spotify,844,SPOT,NYSE
Zillow,780,Z,NASDAQ
Zillow,780,ZG,NASDAQ
3M,298,MMM,NYSE
Cadence Design Systems,2241,CDNS,NASDAQ
Omnicom Group,2445,OMC,NYSE
Zimmer Biomet,2552,ZBH,NYSE
Lenovo,936,992,HKG
Federal Realty Investment Trust,2317,FRT,NYSE
Zions Bancorp,2553,ZION,NASDAQ
Zions Bancorp,2553,ZIONL,NASDAQ
Zions Bancorp,2553,ZIONO,NASDAQ
Zions Bancorp,2553,ZIONP,NASDAQ
Cambricon,52,688256,SSE
Campbell Soup,2242,CPB,NYSE
Fedex,1891,FDX,NYSE
Stanley Black & Decker,2495,SWK,NYSE
Stanley Black & Decker,2495,SWT,NYSE
Zoetis,2554,ZTS,NYSE
Capital One,371,COF,NYSE
Kellogg,2381,K,NYSE
Oneok,2446,OKE,NYSE
Starbucks,2496,4337,HKG
Starbucks,2496,SBUX,NASDAQ
Capri Holdings,2243,CPRI,NYSE
Keycorp,2382,KEY,NYSE
State Street,2497,STT,NYSE
State Street,2497,STT.PRD,NYSE
State Street,2497,STT.PRG,NYSE
ZTE,289,63,SZSE
ZTE,289,763,HKG
Fidelity National Information Services,2318,FIS,NYSE
Keysight Technologies,2383,KEYS,NYSE
A.O. Smith,2217,AOS,NYSE
Fifth Third Bancorp,2319,FITB,NASDAQ
Kimberly-Clark,2384,KMB,NYSE
Lowe's,1876,LOW,NYSE
Cardinal Health,1807,CAH,NYSE
Kimco Realty,2385,KIM,NYSE
Steris,2498,STE,NYSE
Carmax,2245,KMX,NYSE
Kinder Morgan,2386,KMI,NYSE
Abbott,1515,ABT,NYSE
ABB,798,ABB,NYSE
Carnival,2246,CCL,NYSE
Carnival,2246,CUK,NYSE
First Republic Bank,2321,FRC,NYSE
AbbVie,2083,ABBV,NYSE
Macy's,2176,M,NYSE
Carrier Global,2247,CARR,NYSE
Firstenergy,2320,FE,NYSE
Stryker,2499,SYK,NYSE
Fiserv,2322,FISV,NASDAQ
Oracle,617,ORCL,NYSE
Caterpillar,1921,CAT,NYSE
Abiomed,2191,ABMD,NASDAQ
CBOE Global Markets,2248,CBOE,NYSE
CBRE Group,2249,CBRE,NYSE
Fleetcor Technologies,2323,FLT,NYSE
Kohl's,2387,KSS,NYSE
CDW,2250,CDW,NASDAQ
Accenture Plc,803,ACN,NYSE
Celanese,2251,CE,NYSE
Celanese,2251,CE,NASDAQ
MetLife,1883,MET,NYSE
MetLife,1883,MET PR A,NYSE
MetLife,1883,MET PR E,NYSE
MetLife,1883,MET PR F,NYSE
Flowserve Corporation,2325,FLS,NYSE
Otis Worldwide,2447,OTIS,NYSE
SVB Financial,2500,SIVB,NASDAQ
Micron Technology,2107,MU,NASDAQ
Centene,1905,CNC,NYSE
Centerpoint Energy,2252,CNP,NYSE
FMC Corporation,2326,FMC,NYSE
Allstate,2019,ALL,NYSE
Allstate,2019,ALL PR B,NYSE
Allstate,2019,ALL PR G,NYSE
Allstate,2019,ALL PR H,NYSE
Allstate,2019,ALL PR I,NYSE
Synchrony Financial,2501,SYF,NYSE
Synchrony Financial,2501,SYF.PRA,NYSE
Adobe,6,ADBE,NASDAQ
Ford Motor Company,456,F,NYSE
Paccar,2448,PCAR,NASDAQ
CF Industries Holdings,2254,CF,NYSE
Packaging Corporation Of America,2449,PKG,NYSE
American Airlines Group,1978,AAL,NASDAQ
Advance Auto Parts,2193,AAP,NYSE
Advance Auto Parts,2193,ATVI,NASDAQ
Fortinet,2327,FTNT,NASDAQ
Bath & Body Works,2388,BBWI,NYSE
American International Group,3105,AIG,NYSE
American International Group,3105,AIG PR A,NYSE
Fortive,2328,FTV,NYSE
L3Harris Technologies,480,LHX,NYSE
Sysco,1908,SYY,NYSE
Amgen,1570,4332,HKG
Amgen,1570,AMGN,NASDAQ
Fortune Brands Home & Security,2329,FBHS,NYSE
Laboratory Corporation of America,2390,LH,NYSE
Mondelez International,2169,MDLZ,NASDAQ
Charles Schwab Corporation,2255,SCHW,NYSE
Charles Schwab Corporation,2255,SCHW.PRD,NYSE
Charles Schwab Corporation,2255,SCHW.PRJ,NYSE
Fox Corporation,2330,FOXA,NASDAQ
Lam Research,2391,LRCX,NASDAQ
T. Rowe Price Group,2502,TROW,NASDAQ
Aecom,2763,ACM,NYSE
Lamb Weston Holdings,2392,LW,NYSE
Franklin Resources,2332,BEN,NYSE
Franklin Resources,2332,BEN,NASDAQ
Las Vegas Sands,2393,LVS,NYSE
Paramount Global,2530,PARA,NASDAQ
Paramount Global,2530,PARAA,NASDAQ
Paramount Global,2530,PARAP,NASDAQ
Archer Daniels Midland,1894,ADM,NYSE
Freeport-Mcmoran,2333,FCX,NYSE
Parker-Hannifin,2450,PH,NYSE
Take-Two Interactive,2503,TTWO,NASDAQ
AES,2194,AES,NYSE
AES,2194,AESC,NYSE
Aetna,308,AET,NYSE
Chevron,1617,CVX,NYSE
Chipotle Mexican Grill,2256,CMG,NYSE
Leggett & Platt,2394,LEG,NYSE
Tapestry,2504,TPR,NYSE
Baker Hughes,1564,BKR,NASDAQ
Church & Dwight,2257,CHD,NYSE
Leidos Holdings,839,LDOS,NYSE
Aflac,2195,AFL,NYSE
Cigna,1953,CI,NYSE
Paychex,2451,PAYX,NASDAQ
Nokia,949,NOK,NYSE
Cincinnati Financial,2258,CINF,NASDAQ
Lemonade,150,LMND,NYSE
Paycom,2452,PAYC,NYSE
Target,710,TGT,NYSE
Target,710,6161,HKG
Cintas Corporation,2259,CTAS,NASDAQ
Gap,2334,GPS,NYSE
Te Connectivity,2505,TEL,NYSE
Nucor,2185,NUE,NYSE
Garmin,2335,GRMN,NYSE
Lennar,2395,LEN,NYSE
Bank of America,811,BAC,NYSE
Bank of America,811,BAC PR B,NYSE
Bank of America,811,BAC PR E,NYSE
Bank of America,811,BAC PR K,NYSE
Bank of America,811,BAC PR L,NYSE
Bank of America,811,BAC PR M,NYSE
Bank of America,811,BAC PR N,NYSE
Bank of America,811,BAC PR O,NYSE
Bank of America,811,BAC PR P,NYSE
Bank of America,811,BAC PR Q,NYSE
Bank of America,811,BAC PR S,NYSE
Bank of America,811,BML PR G,NYSE
Bank of America,811,BML PR H,NYSE
Bank of America,811,BML PR J,NYSE
Bank of America,811,BML PR L,NYSE
Bank of America,811,MER PR K,NYSE
Cisco Systems,383,4333,HKG
Cisco Systems,383,CSCO,NASDAQ
Technipfmc,2506,FTI,NYSE
Agilent Technologies,313,A,NYSE
Pentair,2453,PNR,NYSE
Citizens Financial Group,2260,CFG,NYSE
Citizens Financial Group,2260,CFG.PRD,NYSE
Citizens Financial Group,2260,CFG.PRE,NYSE
GE Healthcare,462,GEHC,NASDAQ
Barclays,1230,BCS,NYSE
PayPal,195,PYPL,NASDAQ
Teledyne Technologies,2819,TDY,NYSE
Teleflex,2507,TFX,NYSE
Genentech,465,DNA,NYSE
Air Products & Chemicals,2196,APD,NYSE
Tencent,245,700,HKG
PepsiCo,1893,PEP,NASDAQ
General Dynamics,2048,GD,NYSE
Berkshire Hathaway,1792,BRK.A,NYSE
Berkshire Hathaway,1792,BRK.B,NYSE
Revvity,2455,RVTY,NYSE
Best Buy,1995,BBY,NYSE
Linde,2397,LIN,NYSE
Perrigo,2456,PRGO,NYSE
General Motors,820,GM,NYSE
Tesla,247,TSLA,NASDAQ
Bio-Rad Laboratories,3086,BIO,NYSE
Bio-Rad Laboratories,3086,BIO.B,NYSE
Pfizer,1928,PFE,NYSE
Genuine Parts,2338,GPC,NYSE
Texas Instruments,714,TXN,NASDAQ
Philip Morris International,2118,PM,NYSE
CME Group,2263,CME,NASDAQ
CMS Energy,2264,CMS,NYSE
CMS Energy,2264,CMSA,NYSE
CMS Energy,2264,CMSC,NYSE
CMS Energy,2264,CMSD,NYSE
CMS Energy,2264,CMS.PRC,NYSE
Philips,201,PHG,NYSE
Live Nation Entertainment,2398,LYV,NYSE
Textron,2508,TXT,NYSE
Pool Corporation,3091,POOL,NASDAQ
Akamai Technologies,1765,AKAM,NASDAQ
LKQ Corporation,2399,LKQ,NASDAQ
Phillips 66,1818,PSX,NYSE
Gilead Sciences,2339,GILD,NASDAQ
Alaska Air Group,2197,ALK,NYSE
Global Payments,2341,GPN,NYSE
Lockheed Martin,553,LMT,NYSE
The Bank Of New York Mellon,2229,BK,NYSE
Colgate-Palmolive,2265,CL,NYSE
Loews,2400,L,NYSE
Canadian Pacific,3160,CP,NYSE
Progressive,2093,PGR,NYSE
Albemarle,2198,ALB,NYSE
Globe Life,2340,GL,NYSE
Ping An,202,2318,HKG
Ping An,202,601318,SSE
Clorox Company,2262,CLX,NYSE
Prudential Financial,1895,PFH,NYSE
Prudential Financial,1895,PRS,NYSE
Prudential Financial,1895,PRU,NYSE
Alexandria Real Estate Equities,2199,ARE,NYSE
Goldman Sachs,471,GS,NYSE
Pinnacle West Capital,2457,PNW,NYSE
Cooper Companies,2271,COO,NYSE
Catalent,3087,CTLT,NYSE
Comcast,396,CCZ,NYSE
Comcast,396,CMCSA,NASDAQ
Pinterest,635,PINS,NYSE
Comerica,2266,CMA,NYSE
Google,101,GOOG,NASDAQ
Alibaba,21,9988,HKG
Alibaba,21,BABA,NYSE
Lumen Technologies,2253,LUMN,NYSE
Pioneer Natural Resources,2458,PXD,NYSE
Hershey Company,2352,HSY,NYSE
Cerner Corporation,838,CERN,NASDAQ
Regeneron Pharmaceuticals,1577,REGN,NASDAQ
Align Technology,2201,ALGN,NASDAQ
Conagra Brands,2267,CAG,NYSE
Lyft,557,LYFT,NASDAQ
PNC Financial Services,2459,PNC,NYSE
PNC Financial Services,2459,PNC.PRP,NYSE
Mosaic Company,2421,MOS,NYSE
Charter Communications,1985,CHTR,NASDAQ
Lyondellbasell,2401,LYB,NYSE
M&T Bank,2402,MTB,NYSE
Allegion,2202,ALLE,NYSE
Thermo Fisher Scientific,2509,TMO,NYSE
Consolidated Edison,2269,ED,NYSE
PPG Industries,2460,PPG,NYSE
Allergan,2203,AGN,NYSE
W.W. Grainger,2342,GWW,NYSE
PPL,2461,PPL,NYSE
Constellation Brands,2270,STZ,NYSE
Constellation Brands,2270,STZ.B,NYSE
Alliant Energy,2205,LNT,NASDAQ
Copart,2272,CPRT,NASDAQ
Principal Financial Group,2462,PFG,NASDAQ
Alphabet,796,GOOG,NASDAQ
Alphabet,796,GOOGL,NASDAQ
Corning Incorporated,399,GLW,NYSE
Procter & Gamble,639,PG,NYSE
Corteva,2273,CTVA,NYSE
Sanofi,989,SNY,NASDAQ
Coty,2274,COTY,NYSE
Prologis,2463,PLD,NYSE
SAP,812,SAP,NYSE
Altria Group,2206,MO,NYSE
H&R Block,2343,HRB,NYSE
PSEG,2464,PEG,NYSE
Public Storage,2465,PSA,NYSE
Public Storage,2465,PSA.PRG,NYSE
Public Storage,2465,PSA.PRH,NYSE
Public Storage,2465,PSA.PRI,NYSE
Public Storage,2465,PSA.PRJ,NYSE
Public Storage,2465,PSA.PRK,NYSE
Public Storage,2465,PSA.PRL,NYSE
Public Storage,2465,PSA.PRM,NYSE
Public Storage,2465,PSA.PRN,NYSE
Public Storage,2465,PSA.PRO,NYSE
Public Storage,2465,PSA.PRP,NYSE
Public Storage,2465,PSA.PRQ,NYSE
Public Storage,2465,PSA.PRR,NYSE
Public Storage,2465,PSA.PRS,NYSE
ServiceNow,840,NOW,NASDAQ
ServiceNow,840,NOW,NYSE
Amazon,23,AMZN,NASDAQ
Marathon Oil,2403,MRO,NYSE
Toyota,790,TM,NYSE
Marathon Petroleum,1826,MPC,NYSE
Pultegroup,2466,PHM,NYSE
PVH,2467,PVH,NYSE
Halliburton,2344,HAL,NYSE
Marketaxess,2404,MKTX,NASDAQ
Tractor Supply Company,2511,TSCO,NASDAQ
Amcor,2207,AMCR,NYSE
Hanesbrands,2345,HBI,NYSE
Advanced Micro Devices,327,AMD,NASDAQ
Harley-Davidson,2346,HOG,NYSE
Marriott International,2405,MAR,NASDAQ
Qihoo 360,208,QIHU,NYSE
Qihoo 360,208,601360,SSE
Crown Castle International,2275,CCI,NYSE
Marsh & Mclennan,2406,MMC,NYSE
Transdigm Group,2513,TDG,NYSE
Ameren,2208,AEE,NYSE
Hartford Financial Services,2347,HIG,NYSE
Martin Marietta Materials,2407,MLM,NYSE
China Mobile Communications,1820,941,HKG
China Mobile Communications,1820,CHL,NYSE
American Electric Power,2209,AEP,NASDAQ
American Electric Power,2209,AEPPL,NASDAQ
American Electric Power,2209,AEPPZ,NASDAQ
CSX,2276,CSX,NASDAQ
Qorvo,2468,QRVO,NASDAQ
American Express,328,AXP,NYSE
Hasbro,2348,HAS,NASDAQ
Masco,2408,MAS,NYSE
Qualcomm,209,QCOM,NASDAQ
Quanta Services,2469,PWR,NYSE
Cummins,2277,CMI,NYSE
Mastercard,2409,MA,NYSE
Truist Financial,2514,TFC,NYSE
Truist Financial,2514,TFC.PRI,NYSE
Truist Financial,2514,TFC.PRO,NYSE
Truist Financial,2514,TFC.PRR,NYSE
American Tower,2210,AMT,NYSE
Quest Diagnostics,2470,DGX,NYSE
American Water Works Co,2211,AWK,NYSE
Healthpeak Properties,2349,PEAK,NYSE
Ameriprise Financial,2212,AMP,NYSE
D. R. Horton,2278,DHI,NYSE
Maxar Technologies,802,MAXR,NYSE
Cencora,1803,ABC,NYSE
Ametek,2213,AME,NYSE
Danaher,2279,DHR,NYSE
Helmerich & Payne,2350,HP,NYSE
Darden Restaurants,2280,DRI,NYSE
Henry Schein,2351,HSIC,NASDAQ
Amphenol,2214,APH,NYSE
McCormick,2410,MKC,NYSE
Ralph Lauren Corporation,2471,RL,NYSE
Ginkgo Bioworks,6936,DNA,NYSE
Hess Corporation,2353,HES,NYSE
McDonald's,2412,MCD,NYSE
Twitter,734,TWTR,NYSE
APA Corporation,6937,APA,NASDAQ
Analog Devices,331,ADI,NASDAQ
McKesson,1794,MCK,NYSE
Arch Capital Group,6938,ACGL,NASDAQ
Hewlett Packard,833,HPQ,NYSE
Axon Enterprise,6939,AXON,NASDAQ
Hewlett Packard Enterprise,487,HPE,NYSE
Raymond James Financial,2472,RJF,NYSE
Uber,737,UBER,NYSE
Bio-Techne,6941,TECH,NASDAQ
Raytheon Technologies,815,RTX,NYSE
Blackstone,6942,BX,NYSE
Ansys,2215,ANSS,NASDAQ
Hikvision,106,2415,SZSE
Brown & Brown,6943,BRO,NYSE
Hilton Worldwide Holdings,2354,HLT,NYSE
Builders FirstSource,6944,BLDR,NYSE
Aon,2216,AON,NYSE
Davita,2281,DVA,NYSE
Caesars Entertainment,6945,CZR,NASDAQ
Medtronic,1553,MDT,NYSE
Realty Income Corporation,2473,O,NYSE
Camden Property Trust,6946,CPT,NYSE
Apache Corporation,2218,APA,NASDAQ
UDR,2515,UDR,NYSE
Chubb,2084,CB,NYSE
Apartment Investment & Management,2219,AIV,NYSE
Charles River Laboratories,6948,CRL,NYSE
Hologic,2356,HOLX,NASDAQ
Constellation Energy,6949,CEG,NASDAQ
Regency Centers Corporation,2474,REG,NASDAQ
Corpay,6950,CPAY,NYSE
Apple,27,AAPL,NASDAQ
Honda,795,HMC,NYSE
Regions Financial,2475,RF,NYSE
Regions Financial,2475,RF.PRB,NYSE
Regions Financial,2475,RF.PRC,NYSE
Regions Financial,2475,RF.PRE,NYSE
CoStar Group,6951,CSGP,NASDAQ
Applied Materials,335,4336,HKG
Applied Materials,335,AMAT,NASDAQ
Ulta Beauty,2516,ULTA,NASDAQ
Dayforce,6952,DAY,NYSE
Honeywell International,846,HON,NASDAQ
Merck,1492,MRK,NYSE
Coca-Cola,2096,KO,NYSE
Deckers Brands,6953,DECK,NYSE
Republic Services,2476,RSG,NYSE
Synopsys,845,SNPS,NASDAQ
EPAM Systems,6954,EPAM,NYSE
Cognizant,806,CTSH,NASDAQ
T-Mobile,831,TMUS,NASDAQ
EQT,6955,EQT,NYSE
Resmed,2477,RMD,NYSE
FactSet,6956,FDS,NYSE
Hormel Foods,2357,HRL,NYSE
Under Armour,2518,UA,NYSE
Fair Isaac,6957,FICO,NYSE
Aptiv,336,APTV,NYSE
Host Hotels & Resorts,2358,HST,NASDAQ
First Solar,6958,FSLR,NASDAQ
Union Pacific,2519,UNP,NYSE
Franklin Templeton,6959,BEN,NYSE
Mettler Toledo,2413,MTD,NYSE
ConocoPhillips,2029,COP,NYSE
GE Aerospace,6960,GE,NYSE
MGM Resorts International,2414,MGM,NYSE
GE Vernova,6962,GEV,NYSE
Arista Networks,2220,ANET,NYSE
Howmet Aerospace,2359,HWM,NYSE
Microchip Technology,2415,MCHP,NASDAQ
United Parcel Service,1875,UPS,NYSE
Costco Wholesale,1805,COST,NASDAQ
Teradyne,3092,TER,NASDAQ
Gen Digital,6963,GEN,NASDAQ
Microsoft,163,4338,HKG
Microsoft,163,MSFT,NASDAQ
United Rentals,2521,URI,NYSE
Coterra,3101,CTRA,NYSE
Generac,6964,GNRC,NYSE
Unitedhealth Group,818,UNH,NYSE
Insulet,6965,PODD,NASDAQ
Universal Health Services,2522,UHS,NYSE
Invitation Homes,6966,INVH,NYSE
Mid-America Apartments,2416,MAA,NYSE
Mid-America Apartments,2416,MAA.PRI,NYSE
Unum Group,2523,UNM,NYSE
Unum Group,2523,UNMA,NYSE
Kellanova,6967,K,NYSE
Humana,1913,HUM,NYSE
Robert Half International,2478,RHI,NYSE
TJX,2027,TJX,NYSE
Kenvue,6968,KVUE,NYSE
Dentsply Sirona,2282,XRAY,NASDAQ
Huntington Bancshares,2360,HBAN,NASDAQ
Keurig Dr Pepper,6969,KDP,NASDAQ
Huntington Ingalls Industries,2361,HII,NYSE
Lululemon Athletica,6970,LULU,NASDAQ
Arthur J. Gallagher & Co.,2221,AJG,NYSE
CVS Health,1796,CVS,NYSE
Match Group,6971,MTCH,NASDAQ
Rockwell Automation,2479,ROK,NYSE
V.F. Corporation,2524,VFC,NYSE
Molina Healthcare,6972,MOH,NYSE
Monolithic Power Systems,6973,MPWR,NASDAQ
Nordson Corporation,6974,NDSN,NASDAQ
Devon Energy,2283,DVN,NYSE
Rollins,2480,ROL,NYSE
Valero Energy,1821,VLO,NYSE
ON Semiconductor,6975,ON,NASDAQ
Assurant,2222,AIZ,NYSE
Assurant,2222,AIZN,NYSE
Deere,2037,DE,NYSE
PG&E Corporation,6976,PCG,NYSE
IBM,115,IBM,NYSE
Delta Air Lines,1981,DAL,NYSE
Travelers Companies,2111,TRV,NYSE
PTC,6977,PTC,NASDAQ
Astrazeneca,341,AZN,NYSE
Astrazeneca,341,AZN,NASDAQ
Roper Technologies,2481,ROP,NYSE
AT&T,805,T,NYSE
Diamondback Energy,2284,FANG,NASDAQ
Ross Stores,2482,ROST,NASDAQ
Tyler Technologies,3093,TYL,NYSE
Solventum,6979,SOLV,NYSE
Royal Caribbean Cruises,2483,RCL,NYSE
Tyson Foods,2018,TSN,NYSE
Steel Dynamics,6980,STLD,NASDAQ
Atmos Energy,2223,ATO,NYSE
Royal Dutch Shell,682,RDS.A,NYSE
Royal Dutch Shell,682,RDS.B,NYSE
Ventas,2526,VTR,NYSE
U.S. Bancorp,2175,UB5,NYSE
U.S. Bancorp,2175,USB PR A,NYSE
U.S. Bancorp,2175,USB PR H,NYSE
U.S. Bancorp,2175,USB PR P,NYSE
U.S. Bancorp,2175,USB PR Q,NYSE
Supermicro,6981,SMCI,NASDAQ
Digital Realty Trust,2285,DLR,NYSE
Targa Resources,6982,TRGP,NYSE
DexCom,3088,DXCM,NASDAQ
Trimble,6983,TRMB,NASDAQ
Idex Corporation,2362,IEX,NYSE
Verisign,2527,VRSN,NASDAQ
Discover Financial Services,835,DFS,NYSE
Veralto,6984,VLTO,NYSE
Dish Network,2288,DISH,NASDAQ
Idexx Laboratories,2363,IDXX,NASDAQ
Verisk Analytics,2528,VRSK,NASDAQ
Disney,1383,DIS,NYSE
Vici Properties,6985,VICI,NYSE
Mohawk Industries,2417,MHK,NYSE
S&P Global,668,SPGI,NYSE
Verizon,792,VZ,NYSE
Dollar General,2178,DG,NYSE
United Airlines,2009,UAL,NASDAQ
Hubbell Incorporated,6986,HUBB,NYSE
Molson Coors Brewing Company,2418,TAP,NYSE
Molson Coors Brewing Company,2418,TAP.A,NYSE
Domino's Pizza,3089,DPZ,NYSE
Autodesk,345,ADSK,NASDAQ
Iflytek,122,2230,SZSE
Automatic Data Processing,2224,ADP,NASDAQ
DuPont,1780,DD,NYSE
Illinois Tool Works,2365,ITW,NYSE
Salesforce,219,CRM,NYSE
Illumina,501,ILMN,NASDAQ
Monster Beverage,2419,MNST,NASDAQ
Vertex Pharmaceuticals,2529,VRTX,NASDAQ
Moody's,2420,MCO,NYSE
Viatris,3094,VTRS,NASDAQ
Autozone,2225,AZO,NYSE
Dollar Tree,2289,DLTR,NASDAQ
Avalonbay Communities,2226,AVB,NYSE
Dominion Energy,2290,D,NYSE
Elevance Health,1831,ELV,NYSE
Avery Dennison,2227,AVY,NYSE
Morgan Stanley,585,MS,NYSE
Dover Corporation,2291,DOV,NYSE
Motorola Solutions,2422,MSI,NYSE
Vontier,3098,VNT,NYSE
Dow,2292,DOW,NYSE
Incyte,2366,INCY,NASDAQ
Walgreens Boots Alliance,1809,WBA,NASDAQ
Warner Bros. Discovery,3162,WBD,NASDAQ
Baidu,37,9888,HKG
Baidu,37,BIDU,NASDAQ
SBA Communications,2484,SBAC,NASDAQ
Visa,2190,V,NYSE
Dropbox,423,DBX,NYSE
Dropbox,423,DBX,NASDAQ
Ingersoll Rand,2367,IR,NYSE
Ingersoll Rand,2367,IR,NYSE
Wells Fargo,807,WFC,NYSE
Wells Fargo,807,WFC PR A,NYSE
Wells Fargo,807,WFC PR C,NYSE
Wells Fargo,807,WFC PR D,NYSE
Wells Fargo,807,WFC PR L,NYSE
Wells Fargo,807,WFC PR Q,NYSE
Wells Fargo,807,WFC PR R,NYSE
Wells Fargo,807,WFC PR Y,NYSE
Wells Fargo,807,WFC PR Z,NYSE
DTE Energy,2293,DTE,NYSE
Msci,2423,MSCI,NYSE
West Pharmaceutical Services,3095,WST,NYSE
Duke Energy,2294,DUK,NYSE
Schlumberger,676,SLB,NYSE
Ball,2228,BLL,NYSE
Etsy,3090,ETSY,NASDAQ
Baxter International,2230,BAX,NYSE
Exelon,2049,EXC,NASDAQ
DXC Technology,2296,DXC,NYSE
Vornado Realty Trust,2531,VNO,NYSE
Vornado Realty Trust,2531,VNO.PRL,NYSE
Vornado Realty Trust,2531,VNO.PRM,NYSE
Vornado Realty Trust,2531,VNO.PRN,NYSE
Vornado Realty Trust,2531,VNO.PRO,NYSE
Expedia Group,822,EXPE,NASDAQ
Becton Dickinson,2231,BDX,NYSE
Becton Dickinson,2231,BDXB,NYSE
Seagate Technology,2485,STX,NASDAQ
Sealed Air,2486,SEE,NYSE
Eastman Chemical,2298,EMN,NYSE
Vulcan Materials,2532,VMC,NYSE
Eaton Corporation,427,ETN,NYSE
Intel,127,INTC,NASDAQ
Nasdaq,2425,NDAQ,NASDAQ
W. R. Berkley Corporation,2533,WRB,NYSE
W. R. Berkley Corporation,2533,WRB.PRE,NYSE
W. R. Berkley Corporation,2533,WRB.PRF,NYSE
W. R. Berkley Corporation,2533,WRB.PRG,NYSE
W. R. Berkley Corporation,2533,WRB.PRH,NYSE
Wabtec Corporation,2534,WAB,NYSE
Ebay,429,EBAY,NASDAQ
Walmart,793,WMT,NYSE
Ecolab,2299,ECL,NYSE
Sempra Energy,2487,SRE,NYSE
Sempra Energy,2487,SREA,NYSE
Edison International,2300,EIX,NYSE
Waste Management,2535,WM,NYSE
Edwards Lifesciences,2301,EW,NYSE
Intercontinental Exchange,2368,ICE,NYSE
Waters Corporation,2536,WAT,NYSE
Ehang,83,EH,NASDAQ
International Paper,2369,IP,NYSE
Netapp,2427,NTAP,NASDAQ
Netflix,176,NFLX,NASDAQ
Biogen,1536,BIIB,NASDAQ
Electronic Arts,1671,EA,NASDAQ
Interpublic Group Of Companies,2370,IPG,NYSE
WEC Energy Group,2537,WEC,NYSE
Newell Brands,2428,NWL,NASDAQ
Newmont Corporation,2429,NEM,NYSE
Intuit,514,INTU,NASDAQ
News Corporation,2430,NWSA,NASDAQ
Welltower,2538,WELL,NYSE
Eli Lilly And Company,434,LLY,NYSE
Intuitive Surgical,1516,ISRG,NASDAQ
Western Union,2540,WU,NYSE
Nextera Energy,2432,NEE,NYSE
Nextera Energy,2432,NEE.PRO,NYSE
Nextera Energy,2432,NEE.PRP,NYSE
Nextera Energy,2432,NEE.PRQ,NYSE
Sherwin-Williams,2488,SHW,NYSE
Blackrock,358,BLK,NYSE
Emerson Electric Company,2302,EMR,NYSE
Invesco,2372,IVZ,NYSE
Nike,830,NKE,NYSE
Westrock,2541,WRK,NYSE
Nio,596,NIO,NYSE
Weyerhaeuser,2542,WY,NYSE
IPG Photonics,2373,IPGP,NASDAQ
Whirlpool,2543,WHR,NYSE
HCA Healthcare,1963,HCA,NYSE
Nisource,2433,NI,NYSE
Nisource,2433,NIMC,NYSE
Nisource,2433,NI.PRB,NYSE
Iqvia,516,IQV,NYSE
Williams Companies,2544,WMB,NYSE
Entergy,2303,ETR,NYSE
Willis Towers Watson,2545,WTW,NASDAQ
Woodward,2826,WWD,NASDAQ
Iron Mountain Incorporated,2374,IRM,NYSE
Boeing,784,BA,NYSE
Eog Resources,2304,EOG,NYSE
Nordstrom,2435,JWN,NYSE
Simon Property Group,2489,SPG,NYSE
Simon Property Group,2489,SPG.PRJ,NYSE
Booking.com,2232,BKNG,NASDAQ
Booking.com,2232,PCLN,NASDAQ
Equifax,2305,EFX,NYSE
J. B. Hunt Transport Services,2377,JBHT,NASDAQ
Norfolk Southern,2436,NSC,NYSE
Equinix,2306,EQIX,NASDAQ
Booz Allen Hamilton,364,BAH,NYSE
Equity Residential,2307,EQR,NYSE
Northern Trust,2437,NTRS,NASDAQ
Northern Trust,2437,NTRSO,NASDAQ
Borgwarner,2233,BWA,NYSE
Jack Henry & Associates,2375,JKHY,NASDAQ
Northrop Grumman,599,NOC,NYSE
Jacobs Engineering Group,2376,J,NYSE
Wynn Resorts,2546,WYNN,NASDAQ
Norwegian Cruise Line Holdings,2439,NCLH,NYSE
Skyworks Solutions,2490,SWKS,NASDAQ
Essex Property Trust,2308,ESS,NYSE
SL Green Realty,2491,SLG,NYSE
SL Green Realty,2491,SLG.PRI,NYSE
SL Green Realty,2491,SLG.PRI,NYSE
Xcel Energy,2547,XEL,NASDAQ
Boston Properties,2234,BXP,NYSE
Estée Lauder,2309,EL,NYSE
NOV,2426,NOV,NYSE
Xerox,787,XRX,NYSE
Boston Scientific,2235,BSX,NYSE
Boston Scientific,2235,BSX-PR-A,NYSE
Everest Re,2312,RE,NYSE
Evergy,2310,EVRG,NYSE
NRG Energy,2440,NRG,NYSE
Eversource Energy,2311,ES,NYSE
JD.com,133,JD,NASDAQ
JD.com,133,9618,HKG
Snap,694,SNAP,NYSE
Snap-On,2492,SNA,NYSE
Expeditors,2313,EXPD,NASDAQ
Xylem,2549,XYL,NYSE
Extra Space Storage,2314,EXR,NYSE
Nvidia,184,NVDA,NASDAQ
Bristol-Myers Squibb,1395,BMY,NYSE
Bristol-Myers Squibb,1395,CELG RT,NYSE
Sony,1132,SONY,NYSE
Broadcom,2236,AVGO,NASDAQ
Broadcom,2236,AVGOP,NASDAQ
NVR,2441,NVR,NYSE
Broadridge Financial Solutions,2237,BR,NYSE
F5 Networks,2315,FFIV,NASDAQ
J.M. Smucker,2378,SJM,NYSE
NXP Semiconductors,606,NXPI,NASDAQ
Meta,87,FB,NASDAQ
Johnson Controls,2100,JCI,NYSE
O'Reilly Automotive,2442,ORLY,NASDAQ
Johnson & Johnson,842,JNJ,NYSE
Brown-Forman,2238,BF.A,NYSE
Brown-Forman,2238,BF.B,NYSE
Southern Company,2493,SO,NYSE
Southern Company,2493,SOJC,NYSE
Southern Company,2493,SOJD,NYSE
Southern Company,2493,SOJE,NYSE
Southern Company,2493,SOLN,NYSE
Southwest Airlines,2494,LUV,NYSE
Yum! Brands,2550,YUM,NYSE
Juniper Networks,2379,JNPR,NYSE
Occidental Petroleum,2443,OXY,NYSE
KLA-Tencor,1707,KLAC,NASDAQ
Zebra Technologies,2551,ZBRA,NASDAQ
